Name,Season,Month,Max. sustained winds(mph),Minimum pressure(mbar)
Hurricane #3,1853,"August, September",150,924
"""1856 Last Island Hurricane""",1856,August,150,934
Hurricane #6,1866,"September, October",140,938
Hurricane #7,1878,"September, October",140,938
Hurricane #2,1880,August,150,931
Hurricane #8,1880,"September, October",140,928
Hurricane #6,1882,October,140,975
Indianola Hurricane of 1886,1886,August,155,925
Hurricane #10,1893,"September, October",130,948
Hurricane #6,1894,October,130,931
Hurricane #7,1898,"September, October",130,930
Hurricane #3,1899,"August, September",150,930
Galveston Hurricane of 1900,1900,"August, September",145,936
Hurricane #4,1906,"August, September",130,950
1910 Cuba hurricane,1910,October,150,924
1915 Galveston hurricane,1915,August,145,940
1915 New Orleans hurricane,1915,"September, October",145,931
1916 Texas hurricane,1916,August,130,932
1917 Nueva Gerona hurricane,1917,September,150,928
1919 Florida Keys hurricane,1919,September,150,927
1921 Tampa Bay hurricane,1921,October,140,941
1926 Nassau hurricane,1926,"July, August",140,967
Hurricane #4,1926,September,140,957
1926 Miami hurricane,1926,September,150,930
1926 Havanaâ€“Bermuda hurricane,1926,October,150,934
1929 Bahamas hurricane,1929,"September, October",155,924
1930 Dominican Republic hurricane,1930,"August, September",155,933
1931 Belize hurricane,1931,September,130,952
1932 Freeport hurricane,1932,August,150,935
1932 San Ciprian hurricane,1932,September,145,943
1933 Chesapeakeâ€“Potomac hurricane,1933,August,140,940
1933 Treasure Coast hurricane,1933,"August, September",140,945
1933 Outer Banks hurricane,1933,September,140,947
Hurricane #2,1935,August,130,955
1935 Cuba hurricane,1935,"September, October",140,945
Hurricane #5,1939,October,140,941
Hurricane #4,1941,September,130,957
1944 Great Atlantic hurricane,1944,September,145,933
1944 Cubaâ€“Florida hurricane,1944,October,145,937
1945 Homestead hurricane,1945,September,130,949
1947 Fort Lauderdale hurricane,1947,September,145,938
1948 Bermudaâ€“Newfoundland hurricane,1948,September,130,940
September 1948 Florida hurricane,1948,September,130,940
1949 Florida hurricane,1949,August,150,954
Hurricane Dog,1950,September,145,943
Hurricane Fox,1950,September,140,946
Hurricane King,1950,October,130,955
Hurricane Charlie,1951,August,130,958
Hurricane Easy,1951,September,150,937
Hurricane Fox,1952,October,145,934
Hurricane Hazel,1954,October,130,937
Hurricane Connie,1955,August,140,944
Hurricane Ione,1955,September,140,938
Hurricane Carrie,1957,September,140,945
Hurricane Cleo,1958,August,140,947
Hurricane Daisy,1958,August,130,948
Hurricane Helene,1958,September,130,934
Hurricane Gracie,1959,September,140,950
Hurricane Donna,1960,September,145,930
Hurricane Betsy,1961,September,140,945
Hurricane Esther,1961,September,145,927
Hurricane Flora,1963,"September, October",145,940
Hurricane Cleo,1964,"August, September",155,950
Hurricane Dora,1964,"August, September",130,942
Hurricane Gladys,1964,September,145,945
Hurricane Hilda,1964,"September, October",150,941
Hurricane Betsy,1965,"August, September",155,941
Hurricane Inez,1966,"September, October",150,929
Hurricane Carmen,1974,"August, September",150,928
Hurricane Gladys,1975,"September, October",140,939
Hurricane Ella,1978,"August, September",140,956
Hurricane Greta,1978,September,130,947
Hurricane Frederic,1979,"August, September",130,943
Hurricane Harvey,1981,September,130,946
Hurricane Debby,1982,September,130,950
Hurricane Diana,1984,September,130,949
Hurricane Gloria,1985,"September, October",145,919
Hurricane Helene,1988,September,145,938
Hurricane Joan,1988,"October, November",145,932
Hurricane Gabrielle,1989,"August, September",145,935
Hurricane Claudette,1991,September,130,943
Hurricane Felix,1995,August,140,929
Hurricane Luis,1995,"August, September",140,935
Hurricane Opal,1995,"September, October",150,916
Hurricane Edouard,1996,"August, September",145,933
Hurricane Hortense,1996,September,140,935
Hurricane Georges,1998,"September, October",155,937
Hurricane Bret,1999,August,145,944
Hurricane Cindy,1999,August,140,942
Hurricane Floyd,1999,September,155,921
Hurricane Gert,1999,September,150,930
Hurricane Lenny,1999,November,155,933
Hurricane Isaac,2000,"September, October",140,943
Hurricane Keith,2000,"September, October",140,939
Hurricane Iris,2001,October,145,948
Hurricane Michelle,2001,November,140,933
Hurricane Lili,2002,October,145,938
Hurricane Fabian,2003,"August, September",145,939
Hurricane Charley,2004,August,150,941
Hurricane Frances,2004,"August, September",145,935
Hurricane Karl,2004,September,145,938